change,id,source,title,lifecycle,published_before,source_url,exclusion_reason
removed_candidates,sig_0029b5ee9d3930ca0109,ted,Standard Eurobarometer Surveys,FUTURE,True,https://ted.europa.eu/en/notice/-/detail/82556-2026,"Execution of surveys or market research without a separately stated business-application, Salesforce or AI delivery scope."
removed_candidates,sig_00809bf58fc0a4bbcad5,spain,"Suministro, entrega e instalación de equipamiento informático para aulas de informática y Servicios de la Usal. No clónicos.. Lote1:140 ordenadores pc para aulas de informática.Lote2: 30 ordenadores pc para el laboratorio de informática y automática.Lote3: 21 ordenadores pc para el personal técnico de las aulas de informática.Lote4: 26 ordenadores pc para servicios centrales",CLOSED,False,https://contrataciondelestado.es/wps/poc?idEvl=wr4K7ysGx%2BbgL1BHd3qjQA%3D%3D&uri=deeplink%3Adetalle_licitacion,
removed_candidates,sig_00d53995e6dda209c0d4,ted,Framework agreement for multi-function machines - Cooperating municipalities.,OPEN,True,https://ted.europa.eu/en/notice/-/detail/639618-2026,"Physical IT, printing or compute capacity supply without a separately stated business-application, Salesforce or AI delivery scope."
removed_candidates,sig_00f20ceb21774d71d11b,ted,Multi-function devices and secure printing Etelä-Pohjanmaan hyvinvointialue for service needs,OPEN,True,https://ted.europa.eu/en/notice/-/detail/639977-2026,"Physical IT, printing or compute capacity supply without a separately stated business-application, Salesforce or AI delivery scope."
removed_candidates,sig_04b96aa7862bfbec0206,spain,"Suministro de material de oficina requerido por los diferentes departamentos y oficinas municipales del Iltre. Ayuntamiento de Palma del Río, así como por el Patronato Deportivo Municipal, el Patronato Municipal de Cultura y el Instituto de Bienestar Social ( en adelante Ayuntamiento de Palma del Río y sus Organismos Autónomos)",CLOSED,False,https://contrataciondelestado.es/wps/poc?idEvl=uXCKfDCCwJ%2B8ebB%2FXTwy0A%3D%3D&uri=deeplink%3Adetalle_licitacion,
removed_candidates,sig_04e3dda93ccd422a0486,find_tender,White Horse Reservoir (WHR) Independent Technical Advisor (ITA),EARLY_ENGAGEMENT,True,https://www.find-tender.service.gov.uk/Notice/088653-2026,"Engineering or surveying advice for physical infrastructure without a separately stated business-application, Salesforce or AI delivery scope."
removed_candidates,sig_067a55e513d17b79d88b,ted,VOIS - Electronic door locks - Competition documents for a hearing,FUTURE,True,https://ted.europa.eu/en/notice/-/detail/803419-2025,"Physical security, cameras or access hardware without a separately stated business-application, Salesforce or AI delivery scope."
removed_candidates,sig_090ee49833e18ab61a4b,spain,Suministro de agendas escolares Municipales para su distribución en los centros escolares de primaria y secundaria de la localidad para los periodos escolares 2026/2027 y 2027/2028.,CLOSED,False,https://contrataciondelestado.es/wps/poc?idEvl=%2FRj1CI0FYm0%2Bk2oCbDosIw%3D%3D&uri=deeplink%3Adetalle_licitacion,
removed_candidates,sig_0c2a3898b89baa6b6dce,ted,Procurement of GPU computing resources for AI-based climate and weather modelling,EXPIRED,False,https://ted.europa.eu/en/notice/-/detail/611368-2026,"Physical IT, printing or compute capacity supply without a separately stated business-application, Salesforce or AI delivery scope."
removed_candidates,sig_0c79396474e2a85e8600,spain,"Procurement of the supply of processless negative thermal offset plates for the Editions, Publications and Official Gazette Department.",OPEN,True,https://contrataciondelestado.es/wps/poc?idEvl=EtevmflosXxQFSeKCRun4Q%3D%3D&uri=deeplink%3Adetalle_licitacion,"Specialist physical equipment or consumables without a separately stated business-application, Salesforce or AI delivery scope."
removed_candidates,sig_0c9265f89abca98baa10,germany,Koblenz City Administration_Provision of Employee Counselling / Health Management,OPEN,True,https://oeffentlichevergabe.de/ui/de/notices/5757f643-0362-4faa-95b1-70d8ae3f95ab,"Occupational health or workplace safety services without a separately stated business-application, Salesforce or AI delivery scope."
removed_candidates,sig_0da38754af3f6c2a0493,spain,"Servicio de asesoramiento jurídico, adecuación, mantenimiento, cumplimiento de la normativa y desempeño de funciones de delegado de protección de datos del Excmo. Ayuntamiento de Almodóvar del Campo",AWARDED,False,https://contrataciondelestado.es/wps/poc?idEvl=uvm3%2Bxw5IaO5HQrHoP3G5A%3D%3D&uri=deeplink%3Adetalle_licitacion,"Legal representation or insurance services without a separately stated business-application, Salesforce or AI delivery scope."
removed_candidates,sig_0e663d5e487c316de937,ted,"Karolinen Gymnasium, extension, general refurbishment",FUTURE,True,https://ted.europa.eu/en/notice/-/detail/742486-2025,"Physical construction, refurbishment, engineering or ecological works without a separately stated business-application, Salesforce or AI delivery scope."
removed_candidates,sig_105025cecae9ce77ce5c,ted,"New construction of Leverkusen sewage treatment plant transfer station: IC&I (Instrumentation, Control and Electrical) technology",OPEN,True,https://ted.europa.eu/en/notice/-/detail/588108-2026,"Physical construction, refurbishment, engineering or ecological works without a separately stated business-application, Salesforce or AI delivery scope."
removed_candidates,sig_1369a4870c68a6301cb0,spain,"Contratación de personas físicas para los servicios de dirección académica, docencia y suministro de libros para el alumnado de Grados B de F.P de Turismo y restauración, Comercio e Informática, aprobada el 29 de septiembre de 2025 por Resolución de concesión de la línea 1, para el período 2025-2027, orden EFP/942/2022 de 23 de septiembre 2025",CLOSED,False,https://contrataciondelestado.es/wps/poc?idEvl=22VHd3VNYVR%2FP7lJ7Fu0SA%3D%3D&uri=deeplink%3Adetalle_licitacion,
removed_candidates,sig_1678167d26ba6188b55a,ted,"Selection of suppliers and establishment of the rules governing contracts for the supply of computers and tablets carried out by the UZ resulting from this Framework Agreement, in 2 lots: Lot 1: personal computers with macOS operating system and Lot 2: tablets with IOS operating system.",OPEN,True,https://ted.europa.eu/en/notice/-/detail/632673-2026,"Physical IT, printing or compute capacity supply without a separately stated business-application, Salesforce or AI delivery scope."
removed_candidates,sig_1861d4ebc1be1716f6d2,ted,Servicio de limpieza de edificios y dependencias de todas las instalaciones de la Empresa Municipal de Transportes de Madrid (3 Lotes),AWARDED,False,https://ted.europa.eu/en/notice/-/detail/606430-2026,"Non-technology service delivery without a stated software, AI or systems scope."
removed_candidates,sig_188e0976d8f1b026399f,grants,"Space Technology Research, Development, Demonstration, and Infusion (SpaceTech REDDI-2026)",OPEN,True,https://www.grants.gov/search-results-detail/360954,
removed_candidates,sig_18bda200f9df4ee08031,scotland,"High Voltage Equipment, Supply, Delivery, Positioning and Inspection Phase 2",AWARDED,False,https://www.publiccontractsscotland.gov.uk/search/show/search_view.aspx?ID=AUG562140,"Specialist physical equipment or consumables without a separately stated business-application, Salesforce or AI delivery scope."
removed_candidates,sig_18c5c2e50bd6c07a5f12,spain,"Contratación de obras comprendidas en el ""Proyecto ejecutivo de edificio para aula informática y biblioteca municipal en Palavea""",AWARDED,False,https://contrataciondelestado.es/wps/poc?idEvl=Yh7714dKIEsl5NjlNci%2BtA%3D%3D&uri=deeplink%3Adetalle_licitacion,"Non-technology service delivery without a stated software, AI or systems scope."
removed_candidates,sig_1c30bb87bf364eacb2de,find_tender,Health & Safety Construction Consultant,EXPIRED,False,https://www.find-tender.service.gov.uk/Notice/057564-2025,"Engineering or surveying advice for physical infrastructure without a separately stated business-application, Salesforce or AI delivery scope."
removed_candidates,sig_1f024fd589d16849dd6a,spain,"Suministro de material de oficina, papelería y consumibles de informática para el Ayuntamiento de Chiclana de la Frontera.",AWARDED,False,https://contrataciondelestado.es/wps/poc?idEvl=GDbKxmK2TinzAq95uGTrDQ%3D%3D&uri=deeplink%3Adetalle_licitacion,
removed_candidates,sig_1f077f7b60104f57abec,spain,"Servicio de monitores, especialistas y coordinación para el desarrollo del programa socio-educativo de natación escolar, cursos escolares 2026/2027 y 2027/2028.",CLOSED,False,https://contrataciondelestado.es/wps/poc?idEvl=b5gmY%2BOus5KFlFRHfEzEaw%3D%3D&uri=deeplink%3Adetalle_licitacion,
removed_candidates,sig_20bf707e7edd67d50547,grants,Development and Maintenance of Human and Animal Food Rapid Response Teams (U2F) Clinical Trials Not Allowed,FUTURE,True,https://www.grants.gov/search-results-detail/351257,
removed_candidates,sig_297b51c15d42267c782e,spain,Suministro de Equipamiento Informático para Universidad Politécnica de Cartagena en dos lotes: Lote 1: Ordenador de Sobremesa para el Puesto de Usuario de Personal Técnico de Gestión y de Administración y Servicios de la Universidad Politécnica de Cartagena (35) y Lote 2: Ordenador de sobremesa para las Aulas de Informática de la Universidad Politécnica de Cartagena (100).,CLOSED,False,https://contrataciondelestado.es/wps/poc?idEvl=5oOfzZIXD1FVkTabT%2FRM8A%3D%3D&uri=deeplink%3Adetalle_licitacion,
removed_candidates,sig_2be2ba0a1c15db9af092,germany,Rental of a digital multifunction device incl. full service and provision of consumables,OPEN,True,https://oeffentlichevergabe.de/ui/de/notices/25825752,"Physical IT, printing or compute capacity supply without a separately stated business-application, Salesforce or AI delivery scope."
removed_candidates,sig_2eb5101bd0da08e98c1d,ted,Framework agreement company health services,OPEN,True,https://ted.europa.eu/en/notice/-/detail/641318-2026,"Occupational health or workplace safety services without a separately stated business-application, Salesforce or AI delivery scope."
removed_candidates,sig_307484b7150b849f59c1,scotland,"High Voltage Equipment, Supply, Delivery, Installation & Commissioning",FUTURE,True,https://www.publiccontractsscotland.gov.uk/search/show/search_view.aspx?ID=NOV543669,"Specialist physical equipment or consumables without a separately stated business-application, Salesforce or AI delivery scope."
removed_candidates,sig_34027aab9fdbef45c334,find_tender,Server Infrastructure Upgrade & Maintenance,CANCELLED,False,https://www.find-tender.service.gov.uk/Notice/085319-2026,"Physical IT, printing or compute capacity supply without a separately stated business-application, Salesforce or AI delivery scope."
removed_candidates,sig_349a20a80745914701b1,ted,"Mantenimiento integral de los elementos de transporte vertical y de intemperie, como ascensores, escaleras mecánicas, rampas y plataforma giratoria",AWARDED,False,https://ted.europa.eu/en/notice/-/detail/628953-2026,"Non-technology service delivery without a stated software, AI or systems scope."
removed_candidates,sig_35b619acb839c2890fe1,spain,"Deratisation, disinfestation and disinfection service for the buildings of the Provincial Council of Córdoba",OPEN,True,https://contrataciondelestado.es/wps/poc?idEvl=9%2F2B0jY7XLN4zIRvjBVCSw%3D%3D&uri=deeplink%3Adetalle_licitacion,"Non-technology service delivery without a stated software, AI or systems scope."
removed_candidates,sig_36eb2a7623601785f24b,spain,"Adquisición de once mesas para la sala de juntas de la Consejería de Economía, Empleo y Transformación Digital",CLOSED,False,https://contrataciondelestado.es/wps/poc?idEvl=8Wy51n7uYb%2Fi0Kd8%2Brcp6w%3D%3D&uri=deeplink%3Adetalle_licitacion,
removed_candidates,sig_3a62cd22502b3fb1978b,ted,REQUEST FOR INFORMATION / Procurement of procurement expert and legal services 2026,FUTURE,True,https://ted.europa.eu/en/notice/-/detail/121223-2026,"Legal representation or insurance services without a separately stated business-application, Salesforce or AI delivery scope."
removed_candidates,sig_3c1d6ec13f505a01ef56,ted,"ENM. Maintenance, incidental works and docking of the training sailing vessel AXS ""AROSA""",OPEN,True,https://ted.europa.eu/en/notice/-/detail/600171-2026,"Physical construction, refurbishment, engineering or ecological works without a separately stated business-application, Salesforce or AI delivery scope."
removed_candidates,sig_3ee1b2e5638e4e5fb9fa,germany,VMD 4. Construction Section Lot 07 Roofing and Insulation,OPEN,True,https://oeffentlichevergabe.de/ui/de/notices/25798904,"Physical construction, refurbishment, engineering or ecological works without a separately stated business-application, Salesforce or AI delivery scope."
removed_candidates,sig_3f238306608f5237958a,spain,Servicio de pirotecnia de las Fiestas Patronales de Nuestra Señora Virgen de Belén de Palma del Río (Córdoba),CLOSED,False,https://contrataciondelestado.es/wps/poc?idEvl=ZmsZIouiBSoeIBJRHQiPkQ%3D%3D&uri=deeplink%3Adetalle_licitacion,
removed_candidates,sig_45f03c4cc93a9d5c1037,germany,VMD 4. Construction Section Lot 07 Roofing and Insulation,OPEN,True,https://oeffentlichevergabe.de/ui/de/notices/25808320,"Physical construction, refurbishment, engineering or ecological works without a separately stated business-application, Salesforce or AI delivery scope."
removed_candidates,sig_466e43f1734ef572b70b,spain,Suministro de material eléctrico para labores de mantenimiento de las instalaciones municipales.,CLOSED,False,https://contrataciondelestado.es/wps/poc?idEvl=uKyEL%2BowPqX%2B3JAijKO%2Bkg%3D%3D&uri=deeplink%3Adetalle_licitacion,
removed_candidates,sig_4d4fdfdd0d82851f7c33,find_tender,Server Infrastructure Upgrade & Maintenance,OPEN,True,https://www.find-tender.service.gov.uk/Notice/086338-2026,"Physical IT, printing or compute capacity supply without a separately stated business-application, Salesforce or AI delivery scope."
removed_candidates,sig_4ec00cc756b91fcbaee3,ted,"Service for the extraction, genotyping, DNA analysis, registration and storage of canine samples in San Fernando de Henares",OPEN,True,https://ted.europa.eu/en/notice/-/detail/636888-2026,"Physical field surveys or sampling without a separately stated business-application, Salesforce or AI delivery scope."
removed_candidates,sig_5406453d5e3ac9e2fa53,contracts_finder,FSF Dynamic Purchasing System 2 For the Provision of Work Focused Activities,OPEN,True,https://www.contractsfinder.service.gov.uk/Notice/fa247674-4cb9-430a-b65c-615f2953b6ab,"Human employment support or coaching services without a separately stated business-application, Salesforce or AI delivery scope."
removed_candidates,sig_541668f8eb203fb65780,spain,Servicio de mantenimiento de las instalaciones técnicas de la Oficina Informática Presupuestaria con destino a la Intervención General de la Administración del Estado.,CLOSED,False,https://contrataciondelestado.es/wps/poc?idEvl=NdZa8hxjGRX10HRJw8TEnQ%3D%3D&uri=deeplink%3Adetalle_licitacion,"Non-technology service delivery without a stated software, AI or systems scope."
removed_candidates,sig_541f096021d96809b78b,spain,Acuerdo Marco de suministro e instalación de elementos de red para mantenimiento y mejora de la red informática de comunicaciones en la Universidad de Granada,CLOSED,False,https://contrataciondelestado.es/wps/poc?idEvl=VfVUsbnhymkwYTJJ03sHog%3D%3D&uri=deeplink%3Adetalle_licitacion,
removed_candidates,sig_5500d9a153abc5bfe50d,germany,City of Cottbus Ex-Ante 189-2026 - New construction of a trampoline hall in the Cottbus sports centre - Supply and configuration of LoRaWAN gateways,OPEN,True,https://oeffentlichevergabe.de/ui/de/notices/25778370,"Physical construction, refurbishment, engineering or ecological works without a separately stated business-application, Salesforce or AI delivery scope."
removed_candidates,sig_5b19f19b5249e730a5d2,ted,New construction of Water Works South Lot 5,OPEN,True,https://ted.europa.eu/en/notice/-/detail/612635-2026,"Physical construction, refurbishment, engineering or ecological works without a separately stated business-application, Salesforce or AI delivery scope."
removed_candidates,sig_5c13fce30c7f2b31ca8d,germany,Results report including qualitative survey with young consumers,OPEN,True,https://oeffentlichevergabe.de/ui/de/notices/25794572,"Execution of surveys or market research without a separately stated business-application, Salesforce or AI delivery scope."
removed_candidates,sig_5cb8fc7d114635537610,ted,Establishment of a dynamic purchasing system for agricultural consultancy in the Dominican Republic,OPEN,True,https://ted.europa.eu/en/notice/-/detail/705194-2025,"Specialist advice on physical assets, radiation safety or agricultural production without a separately stated business-application, Salesforce or AI delivery scope."
removed_candidates,sig_5da5dc101bace46a79d1,spain,Estanterías Para Almacenes De Informática,AWARDED,False,https://contrataciondelestado.es/wps/poc?idEvl=kuMrhHdihCrLIx6q1oPaMg%3D%3D&uri=deeplink%3Adetalle_licitacion,
removed_candidates,sig_5f078784877bcf854403,spain,"Suministro e instalación del alumbrado ornamental de las ferias, de las fiestas patronales y de la navidad en el municipio de Palma del Río (Córdoba), para el año 2026",AWARDED,False,https://contrataciondelestado.es/wps/poc?idEvl=aeoRztDZw8BSYrkJkLlFdw%3D%3D&uri=deeplink%3Adetalle_licitacion,
removed_candidates,sig_6077babaabbd183be92f,find_tender,Pump Optimisation and Aeration Efficiency Analysis,OPEN,True,https://www.find-tender.service.gov.uk/Notice/088891-2026,"Physical plant efficiency testing or wastewater sampling without a separately stated business-application, Salesforce or AI delivery scope."
removed_candidates,sig_61a3ad8d15a347041eef,find_tender,PR Agency Services,OPEN,True,https://www.find-tender.service.gov.uk/Notice/088465-2026,"Creative, advertising or public relations services without a separately stated business-application, Salesforce or AI delivery scope."
removed_candidates,sig_69831fbd4b3bd772e7e0,germany,VMD 4. Construction phase (BA) Lot 05 Painting stairwell and apartments,OPEN,True,https://oeffentlichevergabe.de/ui/de/notices/25798900,
removed_candidates,sig_69894b2dd3adc9dc6e0f,ted,Property technical consultancy services - Dynamic Purchasing System (DPS),OPEN,True,https://ted.europa.eu/en/notice/-/detail/173810-2026,"Specialist advice on physical assets, radiation safety or agricultural production without a separately stated business-application, Salesforce or AI delivery scope."
removed_candidates,sig_6a6a473ddd847ca21405,spain,"Contratación del Servicio de representación artística (Gestión, coordinación y producción) de los conciertos de los artistas José Mercé y Sergio González, que se celebrarán en el marco del Festival de Flamenco, en el espacio denominado La Alcazaba de Palma del Río el día 25 de septiembre de 2026.",CLOSED,False,https://contrataciondelestado.es/wps/poc?idEvl=SoO9phwmBN6FQ%2FlhRK79lA%3D%3D&uri=deeplink%3Adetalle_licitacion,
removed_candidates,sig_6b40aaf9d6703f049b5f,germany,"Digital business trip within the framework of the Energy Export Initiative of the BMWE 2027, 2. Tranche",OPEN,True,https://oeffentlichevergabe.de/ui/de/notices/5a890823-48dc-4e5d-9b1d-1646ed88e3bb,"Business promotion or partnership development consultancy without a separately stated business-application, Salesforce or AI delivery scope."
removed_candidates,sig_70394c4554a384db1c4f,spain,"Obras de reforma de la Oficina de Atención Ciudadana del IBAVI sita en C/ Manuel Azaña, 9, de Palma",CLOSED,False,https://contrataciondelestado.es/wps/poc?idEvl=ztPh5sfjR8fi0Kd8%2Brcp6w%3D%3D&uri=deeplink%3Adetalle_licitacion,"Non-technology service delivery without a stated software, AI or systems scope."
removed_candidates,sig_745f1100740cb48fbf91,ted,Procurement of population survey service,OPEN,True,https://ted.europa.eu/en/notice/-/detail/597148-2026,"Execution of surveys or market research without a separately stated business-application, Salesforce or AI delivery scope."
removed_candidates,sig_76c9988946ca154b048a,contracts_finder,BHCC DH Legal Services Online Resources Subscription,AWARDED,False,https://www.contractsfinder.service.gov.uk/Notice/2b4d16bb-0a47-49d8-bc74-8466cf3fe2f9,"Legal representation or insurance services without a separately stated business-application, Salesforce or AI delivery scope."
removed_candidates,sig_777706b7a9a18ca835e5,germany,Hardware for hybrid video conferences,OPEN,True,https://oeffentlichevergabe.de/ui/de/notices/b620a611-d587-4da1-90a3-11779974625e,"Physical IT, printing or compute capacity supply without a separately stated business-application, Salesforce or AI delivery scope."
removed_candidates,sig_79e86fe2ce555b3f4a50,ted,"Supply, subscription and access to foreign periodicals, both printed and electronic, as well as journal packages (some with OA publication included), databases and electronic books for the Library and Documentation Service of the University of Valencia",OPEN,True,https://ted.europa.eu/en/notice/-/detail/611167-2026,"Access to published books or journals rather than delivery of a digital system without a separately stated business-application, Salesforce or AI delivery scope."
removed_candidates,sig_84c7ed19062ff47384a8,ted,VOIS - Books and media for the library - Invitation to market dialogue,FUTURE,True,https://ted.europa.eu/en/notice/-/detail/598718-2025,"Access to published books or journals rather than delivery of a digital system without a separately stated business-application, Salesforce or AI delivery scope."
removed_candidates,sig_84cca5044d9f57645523,ted,Consultancy services strategic property development - framework agreement,FUTURE,True,https://ted.europa.eu/en/notice/-/detail/636587-2026,"Property appraisal services without a separately stated business-application, Salesforce or AI delivery scope."
removed_candidates,sig_85a33b5b03fbd2cca82d,ted,Servicio de mantenimiento integral de los edificios e instalaciones de la Universidad de Cantabria.,AWARDED,False,https://ted.europa.eu/en/notice/-/detail/605014-2026,"Non-technology service delivery without a stated software, AI or systems scope."
removed_candidates,sig_870ee4579241b029b0fe,ted,Post-construction Monitoring of Birds & Bats,OPEN,True,https://ted.europa.eu/en/notice/-/detail/638780-2026,"Physical field surveys or sampling without a separately stated business-application, Salesforce or AI delivery scope."
removed_candidates,sig_87ba2aa4f005f523a2a5,spain,Servicio de mantenimiento de los equipos de aire acondicionado dependientes del Ayuntamiento de Mairena del Aljarafe.,CLOSED,False,https://contrataciondelestado.es/wps/poc?idEvl=G7jWY20FV%2BX5Rey58Yagpg%3D%3D&uri=deeplink%3Adetalle_licitacion,"Non-technology service delivery without a stated software, AI or systems scope."
removed_candidates,sig_8aef84b101a52897c5cc,spain,"Material de oficina y papelería, consumibles de informática y papel de 80 gramos en formato A4 y A3, con los que posibilitar el óptimo funcionamiento de las distintas delegaciones, dependencias y unidades administrativas del Excelentísimo Ayuntamiento de Alcalá de los Gazules.",CLOSED,False,https://contrataciondelestado.es/wps/poc?idEvl=JQs1oX7zXYuzz8fXU2i3eQ%3D%3D&uri=deeplink%3Adetalle_licitacion,
removed_candidates,sig_8bd5afa11e3e7b118491,ted,Procurement of a handheld analysis instrument with Raman and FTIR,OPEN,True,https://ted.europa.eu/en/notice/-/detail/630559-2026,"Specialist physical equipment or consumables without a separately stated business-application, Salesforce or AI delivery scope."
removed_candidates,sig_8bf6d99dbfe12443ba81,digital_outcomes,"TEST - RM1043.9-2-Foreign, Commonwealth and Development Office",OPEN,True,https://redirect.contractawardservice.gca.gov.uk/digital-outcomes/opportunities/opportunity-details/project/78933,The source explicitly marks the notice and multiple procurement fields as test placeholders.
removed_candidates,sig_8edb4ce4033c2a91d8a6,ted,Procedura aperta ai sensi dell’art. 71 del D. Lgs. 36/2023 volta alla conclusione di un Accordo Quadro con un unico operatore economico ai sensi dell’art. 59 co. 3 del D. Lgs. 36/2023 per la fornitura di una piattaforma informatica per l’erogazione di servizi di welfare aziendale,AWARDED,False,https://ted.europa.eu/en/notice/-/detail/605774-2026,
removed_candidates,sig_90cb6ec8b8f79d876c58,scotland,Restore the Burn Nature Restoration Designs,OPEN,True,https://api.publiccontractsscotland.gov.uk/v1/Notice?id=ocds-r6ebe6-0000842781,"Physical construction, refurbishment, engineering or ecological works without a separately stated business-application, Salesforce or AI delivery scope."
removed_candidates,sig_9267eab8b00aa727afd6,ted,Framework agreement for Nuklær security consultancy services,OPEN,True,https://ted.europa.eu/en/notice/-/detail/640460-2026,"Specialist advice on physical assets, radiation safety or agricultural production without a separately stated business-application, Salesforce or AI delivery scope."
removed_candidates,sig_92d5007efb87351b257a,find_tender,CSP26751 - Delegates for International Energy Agency Technology Collaboration Programme,OPEN,True,https://www.find-tender.service.gov.uk/Notice/088804-2026,"Industry representation and liaison rather than delivery of a digital system without a separately stated business-application, Salesforce or AI delivery scope."
removed_candidates,sig_93c58cec664192340036,spain,"Suministro de materiales y maquinaria necesarios para la ejecución del proyecto ""Rehabilitación del cerramiento en CEIP El Parque"" de Palma del Río, incluida en el programa para el Fomento del empleo Agrario (PFEA 2025)",CLOSED,False,https://contrataciondelestado.es/wps/poc?idEvl=2P4Wd8lOYVKIzo3LHNPGcQ%3D%3D&uri=deeplink%3Adetalle_licitacion,
removed_candidates,sig_93f098852c2e216c7a14,contracts_finder,Artificial Intelligence Safety Institute - Legal Services,AWARDED,False,https://www.contractsfinder.service.gov.uk/Notice/adf73bd5-9ef4-4809-92bc-44b1d5a48644,"Legal representation or insurance services without a separately stated business-application, Salesforce or AI delivery scope."
removed_candidates,sig_968e5cb66c88f4b6bbe8,germany,Procurement of a Universal Robots cobot (UR10e or UR12e) for automated GMA welding with no-code programming capability and integration of existing welding power sources,OPEN,True,https://oeffentlichevergabe.de/ui/de/notices/25827760,"Specialist physical equipment or consumables without a separately stated business-application, Salesforce or AI delivery scope."
removed_candidates,sig_9c8442144417e6e8e20c,germany,VMD 4. Construction Section Lot 01 Scaffolding,OPEN,True,https://oeffentlichevergabe.de/ui/de/notices/25803148,"Physical construction, refurbishment, engineering or ecological works without a separately stated business-application, Salesforce or AI delivery scope."
removed_candidates,sig_9f4b9da205471ce4e2bc,ted,"Procurement of consultancy services for nuclear security, including handling used fuel, radiation protection and risk assessment.",OPEN,True,https://ted.europa.eu/en/notice/-/detail/590970-2026,"Specialist advice on physical assets, radiation safety or agricultural production without a separately stated business-application, Salesforce or AI delivery scope."
removed_candidates,sig_a44c32198033a861a13e,germany,Coaching von Bedarfsgemeinsch.,AWARDED,False,https://oeffentlichevergabe.de/ui/de/notices/026908e8-0d30-4ae9-ad52-faac212f1916,
removed_candidates,sig_a56d62fb8de0a66a8594,find_tender,Asset Valuations & Associated Services,FUTURE,True,https://www.find-tender.service.gov.uk/Notice/084998-2026,"Property appraisal services without a separately stated business-application, Salesforce or AI delivery scope."
removed_candidates,sig_aa11c51ff6bbe9e56329,ted,Management of research panel and implementation of survey studies,OPEN,True,https://ted.europa.eu/en/notice/-/detail/615576-2026,"Execution of surveys or market research without a separately stated business-application, Salesforce or AI delivery scope."
removed_candidates,sig_aadc0d100048a51fcf8d,grants,Rapid Response Team (RRT) Cooperative Agreement,FUTURE,True,https://www.grants.gov/search-results-detail/342810,
removed_candidates,sig_aae0233f3e4a0d86fb0a,ted,"Access service for copyright years 2026, 2027, 2028 of the following eBook Subject Collections from the publisher Springer Nature: Computer Science, Earth and Environmental Science, Engineering, Intelligent Technologies and Robotics, Mathematics and Statistics, Physics and Astronomy, Business & Management, Economics and Finance, Artificial Intelligence.",FUTURE,True,https://ted.europa.eu/en/notice/-/detail/699044-2025,"Access to published books or journals rather than delivery of a digital system without a separately stated business-application, Salesforce or AI delivery scope."
removed_candidates,sig_ab35fca4407166902b0c,find_tender,Public Affairs (PA) and Public Relations (PR) Consultancy Service Framework,FUTURE,True,https://www.find-tender.service.gov.uk/Notice/055812-2025,"Creative, advertising or public relations services without a separately stated business-application, Salesforce or AI delivery scope."
removed_candidates,sig_acba5226dcbe03a1e737,ted,Procurement of the expansion of the server infrastructure of the distributed environment of the Government of Navarre.,OPEN,True,https://ted.europa.eu/en/notice/-/detail/644014-2026,"Physical IT, printing or compute capacity supply without a separately stated business-application, Salesforce or AI delivery scope."
removed_candidates,sig_ad485e8b4fc9f00d4ab9,spain,Suministro de un coche patrulla para la Policía Local de Palma del Río (Córdoba),CLOSED,False,https://contrataciondelestado.es/wps/poc?idEvl=vxz2mNu8GPzIGlsa0Wad%2Bw%3D%3D&uri=deeplink%3Adetalle_licitacion,
removed_candidates,sig_ada8227a105b1e453244,spain,"Comprehensive and recurring legal advisory service for Sociedad de Proyectos para la Transformación Digital, S.A., including Legal Counsel",OPEN,True,https://contrataciondelestado.es/wps/poc?idEvl=dMuIGtHdJl2cCF8sV%2BqtYA%3D%3D&uri=deeplink%3Adetalle_licitacion,"Legal representation or insurance services without a separately stated business-application, Salesforce or AI delivery scope."
removed_candidates,sig_ae79420d8677bce6a845,germany,Supply of IT equipment,OPEN,True,https://oeffentlichevergabe.de/ui/de/notices/25801282,"Physical IT, printing or compute capacity supply without a separately stated business-application, Salesforce or AI delivery scope."
removed_candidates,sig_afdbecf674c117d74262,find_tender,Wastewater Testing,FUTURE,True,https://www.find-tender.service.gov.uk/Notice/087294-2026,"Physical plant efficiency testing or wastewater sampling without a separately stated business-application, Salesforce or AI delivery scope."
removed_candidates,sig_b0b415f74844285a2c44,find_tender,Construction Consultancy Framework; 2027 - 2031,FUTURE,True,https://www.find-tender.service.gov.uk/Notice/085437-2026,"Engineering or surveying advice for physical infrastructure without a separately stated business-application, Salesforce or AI delivery scope."
removed_candidates,sig_b0cfd40c2f613450f40f,find_tender,Environmental Surveys,OPEN,True,https://www.find-tender.service.gov.uk/Notice/086761-2026,"Physical field surveys or sampling without a separately stated business-application, Salesforce or AI delivery scope."
removed_candidates,sig_b0f575cd37454c9275f8,spain,Apoyo a la formación de los alumnos del XLIX Curso para la obtención del DIPLOMA DE INFORMÁTICA MILITAR (DIM).,AWARDED,False,https://contrataciondelestado.es/wps/poc?idEvl=dyPN%2Fn27RP3mnwcj%2BxbdTg%3D%3D&uri=deeplink%3Adetalle_licitacion,
removed_candidates,sig_b181fba2bdd78894f01d,germany,"Energy business trip programme within the framework of the Federal Ministry for Economic Affairs and Energy's (BMWE) 2027 Energy Export Initiative, 2 tranche",OPEN,True,https://oeffentlichevergabe.de/ui/de/notices/07663b5e-abfe-49a3-a563-ee4573f04ec7,"Business promotion or partnership development consultancy without a separately stated business-application, Salesforce or AI delivery scope."
removed_candidates,sig_b19cd36348284dcc22c6,ted,New construction of the administration building of the Dithmarschen district administration as a Public-Private Partnership (PPP),OPEN,True,https://ted.europa.eu/en/notice/-/detail/613810-2026,"Physical construction, refurbishment, engineering or ecological works without a separately stated business-application, Salesforce or AI delivery scope."
removed_candidates,sig_b2d06e0c14029626a5fb,germany,Employee Assistance Program (EAP),OPEN,True,https://oeffentlichevergabe.de/ui/de/notices/25823266,"Occupational health or workplace safety services without a separately stated business-application, Salesforce or AI delivery scope."
removed_candidates,sig_b3494489a3b602cf2e53,spain,"Mantenimiento, actualización y administración de equipamientos de informática de usuario final para la administración electrónica en la Ciudad Autónoma de Melilla.",CLOSED,False,https://contrataciondelestado.es/wps/poc?idEvl=IIDof4m1OMoadbH3CysQuQ%3D%3D&uri=deeplink%3Adetalle_licitacion,"Non-technology service delivery without a stated software, AI or systems scope."
removed_candidates,sig_b4ff534382097a27e9e5,germany,VMD 4. BA Lot 08 Construction auxiliary services,OPEN,True,https://oeffentlichevergabe.de/ui/de/notices/25803152,"Physical construction, refurbishment, engineering or ecological works without a separately stated business-application, Salesforce or AI delivery scope."
removed_candidates,sig_b8d60c40b1b6d26743d9,spain,Replacement of the heat pump intended for the air conditioning of the consultation module at the Cas Serres Assisted Residence Hospital,OPEN,True,https://contrataciondelestado.es/wps/poc?idEvl=2MtrjHFP7nj9pbnDwlaUlg%3D%3D&uri=deeplink%3Adetalle_licitacion,"Specialist physical equipment or consumables without a separately stated business-application, Salesforce or AI delivery scope."
removed_candidates,sig_b8e7499e5e0ed15aa16a,contracts_finder,Provision of Employee Assistance Programme,AWARDED,False,https://www.contractsfinder.service.gov.uk/Notice/a910e6aa-7b18-4dfe-8cb1-b251be821994,"Occupational health or workplace safety services without a separately stated business-application, Salesforce or AI delivery scope."
removed_candidates,sig_ba1de9f75c132ae64f09,find_tender,Highways and Infrastructure Professional Services Contract,EARLY_ENGAGEMENT,True,https://www.find-tender.service.gov.uk/Notice/085054-2026,"Engineering or surveying advice for physical infrastructure without a separately stated business-application, Salesforce or AI delivery scope."
removed_candidates,sig_bca79eb919ef6ab71526,germany,VMD 4. BA Lot 06 External facilities,OPEN,True,https://oeffentlichevergabe.de/ui/de/notices/25803144,
removed_candidates,sig_bd365089a9dd1d63ae3b,germany,Maßnahme zur Aktivierung und beruflichen Eingliederung nach § 16 Abs. 1 Satz 2 Nr. 2 SGB II i. V. m. § 45 Abs. 1 Satz 1 Nr. 1 und 3 SGB III – Aktivierungs- und Vermittlungsmaßnahme mit Praktikum am Standort Flensburg,AWARDED,False,https://oeffentlichevergabe.de/ui/de/notices/eb139197-1095-4e76-839f-b80d1f02b8a9,"Non-technology service delivery without a stated software, AI or systems scope."
removed_candidates,sig_be366cea5c042ce56d46,ted,Supplier approval for the supply of IT equipment.,OPEN,True,https://ted.europa.eu/en/notice/-/detail/642020-2026,"Physical IT, printing or compute capacity supply without a separately stated business-application, Salesforce or AI delivery scope."
removed_candidates,sig_be78b89e8b7e4157fb41,scotland,"Provision of Employment Law, Employee Relations & HR Advisory Services",OPEN,True,https://api.publiccontractsscotland.gov.uk/v1/Notice?id=ocds-r6ebe6-0000840802,"Legal representation or insurance services without a separately stated business-application, Salesforce or AI delivery scope."
removed_candidates,sig_beeae96fa1b602855ae2,scotland,Building Consultancy Services Dynamic Purchasing System,OPEN,True,https://api.publiccontractsscotland.gov.uk/v1/Notice?id=ocds-r6ebe6-0000833772,"Engineering or surveying advice for physical infrastructure without a separately stated business-application, Salesforce or AI delivery scope."
removed_candidates,sig_bfc9bc6c879a4d1ba860,ted,"Servicios de gestión de 40 acciones formativas, en el ámbito del proyecto ""PROEMPLEO 8”, en el marco de la convocatoria de ayudas para proyectos de formación para el empleo promovidos por entidades locales, financiados por el fondo social europeo plus (FSE+), mediante el programa de empleo, educación, formación y economía social.",AWARDED,False,https://ted.europa.eu/en/notice/-/detail/639656-2026,
removed_candidates,sig_c1829ff9c4e5d8e16b76,ted,Prestación del servicio de organización y producción de actuaciones artísticas y del servicio de programación de actividades y eventos públicos para las fiestas mayores del Ayuntamiento de Chiclana de la Frontera.,AWARDED,False,https://ted.europa.eu/en/notice/-/detail/604361-2026,
removed_candidates,sig_c2d52d6df2c308f0946e,spain,Suministro consumibles de informatica,CLOSED,False,https://contrataciondelestado.es/wps/poc?idEvl=8r0W46EdgTzE6P%2FuLemXRw%3D%3D&uri=deeplink%3Adetalle_licitacion,
removed_candidates,sig_c3689386a2af89147ccb,spain,Framework Agreement for the Supply of IT Equipment,OPEN,True,https://contrataciondelestado.es/wps/poc?idEvl=7lKyBH64CW4ZDGvgaZEVxQ%3D%3D&uri=deeplink%3Adetalle_licitacion,"Physical IT, printing or compute capacity supply without a separately stated business-application, Salesforce or AI delivery scope."
removed_candidates,sig_cc43607cb183b7adf062,ted,Data centre infrastructure equipment 2026 (00737),OPEN,True,https://ted.europa.eu/en/notice/-/detail/597371-2026,"Physical IT, printing or compute capacity supply without a separately stated business-application, Salesforce or AI delivery scope."
removed_candidates,sig_cd5699a5fdbe8da8a4e8,scotland,DGC Remedial Works Survey Swimming Pools Dumfries & Galloway,FUTURE,True,https://www.publiccontractsscotland.gov.uk/search/show/search_view.aspx?ID=OCT540690,"Physical construction, refurbishment, engineering or ecological works without a separately stated business-application, Salesforce or AI delivery scope."
removed_candidates,sig_cf981629d7c6c9d2a3a7,scotland,Particle Size and Shape Analyser,FUTURE,True,https://www.publiccontractsscotland.gov.uk/search/show/search_view.aspx?ID=JAN548026,"Specialist physical equipment or consumables without a separately stated business-application, Salesforce or AI delivery scope."
removed_candidates,sig_cfdb9ce213d471cf46fa,spain,"Service for the extraction, genotyping, DNA analysis, registration and storage of canine samples in San Fernando de Henares",OPEN,True,https://contrataciondelestado.es/wps/poc?idEvl=%2BJU8ptqZ6eRSYrkJkLlFdw%3D%3D&uri=deeplink%3Adetalle_licitacion,"Physical field surveys or sampling without a separately stated business-application, Salesforce or AI delivery scope."
removed_candidates,sig_d069d9710c1eb1a8b0eb,ted,Servicios de Atención e Información a la ciudadanía en la Oficina Multiservicios de Atención Ciudadana (OMAC) y en la Oficina de Atención a las Empresas (OAE).,AWARDED,False,https://ted.europa.eu/en/notice/-/detail/636821-2026,
removed_candidates,sig_d2629e4f2f1c821e3257,spain,"Servicios de apertura y cierre de las instalaciones del Punto Limpio en Palma del Río (Córdoba), asesoramiento a los usuarios del mismo y gestión de los residuos depositados en tales instalaciones a los diferentes centros autorizados y tratamiento",CLOSED,False,https://contrataciondelestado.es/wps/poc?idEvl=PZhH2OZLROTmnwcj%2BxbdTg%3D%3D&uri=deeplink%3Adetalle_licitacion,"Non-technology service delivery without a stated software, AI or systems scope."
removed_candidates,sig_d5743f0007043e5046db,spain,Servicio de Mantenimiento de Multiplexores ADVA del Departamento de Informática Tributaria de la AEAT,CLOSED,False,https://contrataciondelestado.es/wps/poc?idEvl=kLqJfxd7ZepJ8Trn0ZPzLw%3D%3D&uri=deeplink%3Adetalle_licitacion,"Non-technology service delivery without a stated software, AI or systems scope."
removed_candidates,sig_d75115bb31aafe9d5573,spain,"Servicio de desinsectación y desratización en el término municipal de Palma del Río (Córdoba) y en las instalaciones, infraestructuras y espacios de titularidad o gestión del Iltre. Ayuntamiento de Palma del Río y de sus Organismos Autónomos (Patronato Deportivo Municipal, Patronato Municipal de Cultura e Instituto Municipal de Bienestar Social)",CLOSED,False,https://contrataciondelestado.es/wps/poc?idEvl=vS3F6usEP9rjHF5qKI4aaw%3D%3D&uri=deeplink%3Adetalle_licitacion,"Non-technology service delivery without a stated software, AI or systems scope."
removed_candidates,sig_d7c71a6d6902a1218cf6,spain,"Suministro de materiales, maquinaria y fontanería necesarios para la ejecución del proyecto ""Cerramiento perimetral de aparcamiento vehículos pesados"" de Palma del Río (Córdoba), incluida en el programa para el fomento del empleo agrario (PFEA-2025)",CLOSED,False,https://contrataciondelestado.es/wps/poc?idEvl=xTRYYOmKr%2FU2wEhQbcAqug%3D%3D&uri=deeplink%3Adetalle_licitacion,
removed_candidates,sig_d8ed5dd4e25bb964c84a,ted,Market exploration in accordance with § 28 VgV - qualitative survey - payment behaviour,FUTURE,True,https://ted.europa.eu/en/notice/-/detail/815606-2025,"Execution of surveys or market research without a separately stated business-application, Salesforce or AI delivery scope."
removed_candidates,sig_d9529ce4be5d546f8260,ted,Servicio de mantenimiento de las instalaciones técnicas de la Oficina Informática Presupuestaria con destino a la Intervención General de la Administración del Estado.,AWARDED,False,https://ted.europa.eu/en/notice/-/detail/642673-2026,"Non-technology service delivery without a stated software, AI or systems scope."
removed_candidates,sig_d9d80ad31f309ec82322,spain,"Servicio de asistencia técnica audiovisual, informática y de iluminación, así como el suministro en régimen de alquiler de equipos necesarios para la realización de los actos institucionales organizados por el servicio de protocolo de la alcaldía del Ayuntamiento de Salamanca.",CLOSED,False,https://contrataciondelestado.es/wps/poc?idEvl=JwR0b4PnhoQS7pcxhTeWOg%3D%3D&uri=deeplink%3Adetalle_licitacion,
removed_candidates,sig_da6182d311a582e6f081,germany,Externes Fallmanagement Betriebliches Eingliederungsmanagement in Neubrandenburg,AWARDED,False,https://oeffentlichevergabe.de/ui/de/notices/25783518,"Non-technology service delivery without a stated software, AI or systems scope."
removed_candidates,sig_db60b758cca0882925e6,germany,Sustainable mini desktop computers (product-neutral) for the Federal Police and additional services,OPEN,True,https://oeffentlichevergabe.de/ui/de/notices/57cfe02b-090c-4a8d-9a08-8cc1c2631e49,"Physical IT, printing or compute capacity supply without a separately stated business-application, Salesforce or AI delivery scope."
removed_candidates,sig_df09aa01c89ffbdb2fda,scotland,Aberdeenshire Council – Asset Valuation Services 2026/27,FUTURE,True,https://www.publiccontractsscotland.gov.uk/search/show/search_view.aspx?ID=JUL561083,"Property appraisal services without a separately stated business-application, Salesforce or AI delivery scope."
removed_candidates,sig_df6567a6d6054e23f492,spain,"Suministro de materiales y maquinaria necesarios para el desarrollo del proyecto de diversas actuaciones en el Polideportivo Municipal de Palma del Río, incluida en el programa para el Fomento del empleo Agrario (PFEA 2025)",AWARDED,False,https://contrataciondelestado.es/wps/poc?idEvl=rOIoHRdxnSowYTJJ03sHog%3D%3D&uri=deeplink%3Adetalle_licitacion,
removed_candidates,sig_df7c16708071d4c0bb76,spain,"Obras para el acondicionamiento y pintura fachadas del C.E.I.P. El Parque de Palma del Río (Córdoba), subvención excepcional de la Diputación Provincial de Córdoba",CLOSED,False,https://contrataciondelestado.es/wps/poc?idEvl=Tpq1utGtj9J%2FR5QFTlaM4A%3D%3D&uri=deeplink%3Adetalle_licitacion,"Non-technology service delivery without a stated software, AI or systems scope."
removed_candidates,sig_e2c9cb840b15b143cac8,scotland,Cairngorms Peatland ACTION - Surveys for peatland restoration projects 2026,OPEN,True,https://api.publiccontractsscotland.gov.uk/v1/Notice?id=ocds-r6ebe6-0000841976,"Physical field surveys or sampling without a separately stated business-application, Salesforce or AI delivery scope."
removed_candidates,sig_e2d2addc0de37187e091,spain,"Adquisición de 22 sillas para la sala de juntas de la Consejería de Economía, Empleo y Transformación Digital.",CLOSED,False,https://contrataciondelestado.es/wps/poc?idEvl=5d25Pd%2FdktzIGlsa0Wad%2Bw%3D%3D&uri=deeplink%3Adetalle_licitacion,
removed_candidates,sig_e3343652b6be89d4a843,germany,Sustainable desktop computers (product-neutral) of the configurable category and additional services,OPEN,True,https://oeffentlichevergabe.de/ui/de/notices/ce0ff0d4-351a-4dc4-ae8e-e3da23f189fe,"Physical IT, printing or compute capacity supply without a separately stated business-application, Salesforce or AI delivery scope."
removed_candidates,sig_e4761ff93e2f59ff553b,spain,"Servicio de puntos violetas para información, prevención y atención en eventos públicos y espacios de gran afluencia Delegación de Igualdad del Ayuntamiento de Palma del Río (Córdoba)",CLOSED,False,https://contrataciondelestado.es/wps/poc?idEvl=5KHWJfZGUGjLIx6q1oPaMg%3D%3D&uri=deeplink%3Adetalle_licitacion,"Non-technology service delivery without a stated software, AI or systems scope."
removed_candidates,sig_ea6319ef900a16a64af4,spain,Prórroga del contrato de servicios de consultoría en materia de sistema de cumplimiento normativo con apoyo de una herramienta informática (EXP. 48/2024 OBERT/SERV),CLOSED,False,https://contrataciondelestado.es/wps/poc?idEvl=NMdm%2Bb5dzcM2wEhQbcAqug%3D%3D&uri=deeplink%3Adetalle_licitacion,
removed_candidates,sig_ede60e00b71f5dfa0525,germany,Employment-orientated case management for parents,OPEN,True,https://oeffentlichevergabe.de/ui/de/notices/25783480,"Non-technology service delivery without a stated software, AI or systems scope. | Human employment support or coaching services without a separately stated business-application, Salesforce or AI delivery scope."
removed_candidates,sig_ede927ccef95ffd61ade,ted,Strategic communication agency services,OPEN,True,https://ted.europa.eu/en/notice/-/detail/611642-2026,"Creative, advertising or public relations services without a separately stated business-application, Salesforce or AI delivery scope."
removed_candidates,sig_eff04d5bfc070ddd92ec,ted,"Surveillance service, corrective maintenance and supply of components for the locking system, as well as the supply of CCTV for the premises of Hoteles Escuela de Canarias, S.A. (HECANSA)",OPEN,True,https://ted.europa.eu/en/notice/-/detail/640315-2026,"Physical security, cameras or access hardware without a separately stated business-application, Salesforce or AI delivery scope."
removed_candidates,sig_f2536a2ade61979a1980,germany,Procurement of a Universal Robots cobot (UR10e or UR12e) for automated GMA welding with no-code programming capability and integration of existing welding power sources,OPEN,True,https://oeffentlichevergabe.de/ui/de/notices/25827752,"Specialist physical equipment or consumables without a separately stated business-application, Salesforce or AI delivery scope."
removed_candidates,sig_f4b41408024ebe827652,spain,"Suministro De Licencias De Dispositivos Wifi Y De Equipamiento De Seguridad Del Ministerio De Asuntos Exteriores, Unión Europea Y Cooperación (Ministerio De Asuntos Exteriores, Unión Europea Y Cooperación-S.G. De Informatica, Comunicaciones Y Redes)",CLOSED,False,https://contrataciondelestado.es/wps/poc?idEvl=rMnUVzFMpvOTylGzYmBF9Q%3D%3D&uri=deeplink%3Adetalle_licitacion,
removed_candidates,sig_f50cd35abe52793fac5f,spain,"Alienation of four plots of municipal property, forming part of the public land asset, located in Plaza España in Santa Eulalia (Teruel)",OPEN,True,https://contrataciondelestado.es/wps/poc?idEvl=6Efa5DmJyO9xseVhcqrkhw%3D%3D&uri=deeplink%3Adetalle_licitacion,
removed_candidates,sig_f7ca634179835c66b523,ted,Procurement of GPU computing resources for AI-based climate and weather modelling,OPEN,True,https://ted.europa.eu/en/notice/-/detail/637515-2026,"Physical IT, printing or compute capacity supply without a separately stated business-application, Salesforce or AI delivery scope."
removed_candidates,sig_f9df0e18f5ca011361e0,ted,Procurement of GPU computing resources for AI-based climate and weather modelling,OPEN,True,https://ted.europa.eu/en/notice/-/detail/627881-2026,"Physical IT, printing or compute capacity supply without a separately stated business-application, Salesforce or AI delivery scope."
removed_candidates,sig_f9eed25ca2e1a4f54dd4,ted,Market survey - Fitness equipment and service.,FUTURE,True,https://ted.europa.eu/en/notice/-/detail/648304-2025,"Physical fitness equipment and servicing without a separately stated business-application, Salesforce or AI delivery scope."
removed_candidates,sig_fa63792f1233fb37deb6,ted,Servicio de Mantenimiento de Multiplexores ADVA del Departamento de Informática Tributaria de la AEAT,AWARDED,False,https://ted.europa.eu/en/notice/-/detail/614480-2026,"Non-technology service delivery without a stated software, AI or systems scope."
removed_candidates,sig_fb7bf47e4479b488eac6,germany,Procurement and maintenance of Hewlett Packard (HPE) hardware components and accessories,OPEN,True,https://oeffentlichevergabe.de/ui/de/notices/d515f962-4e32-4b4f-96ed-7fd04d69d5a8,"Physical IT, printing or compute capacity supply without a separately stated business-application, Salesforce or AI delivery scope."
removed_candidates,sig_fc032419a17aeec17f43,ted,Supply of a server with 8 NVIDIA B200 GPUs,OPEN,True,https://ted.europa.eu/en/notice/-/detail/597119-2026,"Physical IT, printing or compute capacity supply without a separately stated business-application, Salesforce or AI delivery scope."
removed_candidates,sig_fdfc86d8dffa998d9a52,germany,Incubator incl. integration G3,OPEN,True,https://oeffentlichevergabe.de/ui/de/notices/25811534,"Laboratory or clinical incubation equipment without a separately stated business-application, Salesforce or AI delivery scope."
removed_candidates,sig_80f71e724c348e48ae34,contracts_finder,Legal Advice,AWARDED,False,https://www.contractsfinder.service.gov.uk/Notice/4b3f0057-64f0-44ce-b435-d0c14f170a2c,"Legal representation or insurance services without a separately stated business-application, Salesforce or AI delivery scope."
removed_candidates,sig_5efdeeb56aca88210864,contracts_finder,HCT - Bowling Lane Heat Pump Installation Design Services,AWARDED,False,https://www.contractsfinder.service.gov.uk/Notice/c1cb7c3b-60e7-4a9b-a937-349951cfc34d,"Specialist physical equipment or consumables without a separately stated business-application, Salesforce or AI delivery scope."
removed_candidates,sig_8a3209c4061a14baf1cf,ted,Framework agreement for the hire of multi-function machines (second publication).,AWARDED,False,https://ted.europa.eu/en/notice/-/detail/653374-2025,"Physical IT, printing or compute capacity supply without a separately stated business-application, Salesforce or AI delivery scope."
removed_candidates,sig_c4d4a0eeb282c86faac3,ted,A25O - Multi-function machines (a new competition),EXPIRED,False,https://ted.europa.eu/en/notice/-/detail/756124-2025,"Physical IT, printing or compute capacity supply without a separately stated business-application, Salesforce or AI delivery scope."
removed_candidates,sig_c6b8e6bd6332b1824ea2,ted,Flash Eurobarometer Surveys,AWARDED,False,https://ted.europa.eu/en/notice/-/detail/714484-2025,"Execution of surveys or market research without a separately stated business-application, Salesforce or AI delivery scope."
removed_candidates,sig_0d12cdda3828efb26d46,scotland,Provision of Planned Heritable Asset Valuations,AWARDED,False,https://www.publiccontractsscotland.gov.uk/search/show/search_view.aspx?ID=NOV542782,"Property appraisal services without a separately stated business-application, Salesforce or AI delivery scope."
removed_candidates,sig_ca32f93c7220895cf99a,scotland,"Refurbished High Voltage Equipment, Supply, Delivery, Positioning and Testing",AWARDED,False,https://www.publiccontractsscotland.gov.uk/search/show/search_view.aspx?ID=FEB548839,"Specialist physical equipment or consumables without a separately stated business-application, Salesforce or AI delivery scope."
removed_candidates,sig_68776da1dc777e5933bc,ted,VOIS - Electronic door locks - Stage 1 - Prequalification,EXPIRED,False,https://ted.europa.eu/en/notice/-/detail/45056-2026,"Physical security, cameras or access hardware without a separately stated business-application, Salesforce or AI delivery scope."
removed_candidates,sig_f677aaa5626851a0bbfb,ted,"A25O - Multi-function machines, second-use notice.",AWARDED,False,https://ted.europa.eu/en/notice/-/detail/53408-2026,"Physical IT, printing or compute capacity supply without a separately stated business-application, Salesforce or AI delivery scope."
removed_candidates,sig_f67dd4479a1d557c201c,ted,"Servizio di accesso per gli anni di copyright 2026, 2027, 2028 delle seguenti eBook Subject Collections dell'editore Springer Nature: Computer Science, Earth and Environmental Science, Engineering, Intelligent Technologies and Robotics, Mathematics and Statistics, Physics and Astronomy, Business & Management, Economics and Finance, Artificial Intelligence",CLOSED,False,https://ted.europa.eu/en/notice/-/detail/80740-2026,"Access to published books or journals rather than delivery of a digital system without a separately stated business-application, Salesforce or AI delivery scope."
removed_candidates,sig_7a7fea5dd289147a9ae2,ted,Asesoramiento jurídico y asistencia técnica al ICO en materia de Ayudas de Estado (incluyendo las ayudas de mínimis y elaboración de planes de evaluación de compatibilidad de los regímenes de ayudas estatales).,EXPIRED,False,https://ted.europa.eu/en/notice/-/detail/189178-2026,"Legal representation or insurance services without a separately stated business-application, Salesforce or AI delivery scope."
removed_candidates,sig_cf28400aea9064f2a853,ted,Multi-function machines,EXPIRED,False,https://ted.europa.eu/en/notice/-/detail/157336-2026,"Physical IT, printing or compute capacity supply without a separately stated business-application, Salesforce or AI delivery scope."
recovered_candidates,sig_401c9b3a1aeaaeac68f3,contracts_finder,DVLA Payments Out,UNKNOWN,False,https://www.contractsfinder.service.gov.uk/Notice/f35d8f4a-f33b-4cca-88d7-281504dd7aa0,
recovered_candidates,sig_a627a883999a05b12103,find_tender,ID 5828449 - TEO - Equality Commission - Provision of IT Support to Equality House ALBs and NIHRC,AWARDED,False,https://www.find-tender.service.gov.uk/Notice/057996-2025,
recovered_candidates,sig_ddd52d07f83577a9ad24,contracts_finder,DDaT26028 - Assistive Technology Support Services,AWARDED,False,https://www.contractsfinder.service.gov.uk/Notice/3a070e82-192f-495e-a543-798af7f6b226,
recovered_candidates,sig_7dcf67ce9cfd30da7ddd,contracts_finder,Hardware Refresh and Associated Services,AWARDED,False,https://www.contractsfinder.service.gov.uk/Notice/235f7490-d915-427f-a254-ff743feb6446,
recovered_candidates,sig_f977f4948f2622ca30f4,contracts_finder,Open Banking Services,AWARDED,False,https://www.contractsfinder.service.gov.uk/Notice/9ff667cd-88ca-4efb-a190-bc7fa7e4f452,
changed_published_labels,sig_04918408636ba89f1fb3,spain,"The purpose of the tender is the performance of a study on Strategic mapping of the Spanish fertiliser and plant protection product manufacturing sectors. Technological capabilities, strategic autonomy and value chains.",OPEN,True,https://contrataciondelestado.es/wps/poc?idEvl=pOu4XI5RkBbN3k3tjedSGw%3D%3D&uri=deeplink%3Adetalle_licitacion,
changed_published_labels,sig_0df5c3dd9467c49e22a6,ted,"Supply of the sysSAIC software application for quality management (AUDIT) and its configuration, training and customisation service.",FUTURE,True,https://ted.europa.eu/en/notice/-/detail/811369-2025,
changed_published_labels,sig_12ef32bff481ce896332,ted,"Technical support, advisory and consultancy service for the Office of Provincial Units and Relations of the Gerencia de Informática de la Seguridad Social",FUTURE,True,https://ted.europa.eu/en/notice/-/detail/725090-2025,
changed_published_labels,sig_1492bd3b37deb7b20342,ted,"Support, administration and maintenance service for computer systems in general service facilities, operating areas and production plants for the years 2027-2029 (Va/Varios).",FUTURE,True,https://ted.europa.eu/en/notice/-/detail/618217-2026,
changed_published_labels,sig_14f53b7a5b9593e35185,spain,"Consultancy and technical assistance services for the modernisation, simplification and innovation of processes through the application and use of artificial intelligence and other advanced technologies in the Government Area of Economy, Innovation and Finance, in the Digital Office of the General Coordination of the Mayor's Office and in the O.A. Informática of the Madrid City Council (single category)",OPEN,True,https://contrataciondelestado.es/wps/poc?idEvl=J1d4sOkqMIFJ8Trn0ZPzLw%3D%3D&uri=deeplink%3Adetalle_licitacion,
changed_published_labels,sig_15e05fa185a47cf502f9,ted,"Notice on the existence of a Qualification System for Suppliers of Goods, Service Providers and Contractors of Ferservizi S.p.A. (Subsystems relating to GOODS)",OPEN,True,https://ted.europa.eu/en/notice/-/detail/604501-2026,
changed_published_labels,sig_24e458c11bce1f7593ae,spain,Implementation and maintenance of a software solution for the comprehensive human resources management of Autoridad Portuaria de Marín y Ría de Pontevedra,OPEN,True,https://contrataciondelestado.es/wps/poc?idEvl=OOb3T2k0xAYQyBAnWzHfCg%3D%3D&uri=deeplink%3Adetalle_licitacion,
changed_published_labels,sig_25db85787b4e57d7c9dd,ted,"Dynamic purchasing system for the supply of IT products for Empresa Municipal de Aguas de Córdoba, S.A. (EMACSA)",OPEN,True,https://ted.europa.eu/en/notice/-/detail/629768-2025,
changed_published_labels,sig_2f154ebb65a38961f537,spain,"Technical support service, development and maintenance of information systems of the Gerencia de Informática de la Seguridad Social which provide service to the General Treasury of Social Security",FUTURE,True,https://contrataciondelestado.es/wps/poc?idEvl=1pE5JVVU6lbIGlsa0Wad%2Bw%3D%3D&uri=deeplink%3Adetalle_licitacion,
changed_published_labels,sig_3687446bda4198681eca,spain,Supply contract for an end-to-end IT solution for electronic administration and municipal management on a Software as a Service (SaaS) basis for the Association of Municipalities of the Comarca de Baza,OPEN,True,https://contrataciondelestado.es/wps/poc?idEvl=5%2BlEZMgQm1Kzz8fXU2i3eQ%3D%3D&uri=deeplink%3Adetalle_licitacion,
changed_published_labels,sig_39b24fa52c5483b81f17,ted,"Service consisting of work on the preparation, review and updating of the consolidated general inventory of the Diputació de Lleida and its autonomous bodies",OPEN,True,https://ted.europa.eu/en/notice/-/detail/606313-2026,
changed_published_labels,sig_3ad20e7fdb4dffba69ff,spain,Supply of a computer application for the management of social services of the City Council of Palma,OPEN,True,https://contrataciondelestado.es/wps/poc?idEvl=a6mxQwO%2FXrwUqXM96WStVA%3D%3D&uri=deeplink%3Adetalle_licitacion,
changed_published_labels,sig_42eb4a99aa8b6a632f42,ted,Operation and monitoring services for batch job planning for the data processing centres of the Department of Tax Information Technology in Madrid.,FUTURE,True,https://ted.europa.eu/en/notice/-/detail/868830-2025,
changed_published_labels,sig_440b8f725103f2f00d82,ted,Maintenance service for the SIRA information and research management system for the University of the Balearic Islands.,FUTURE,True,https://ted.europa.eu/en/notice/-/detail/855583-2025,
changed_published_labels,sig_4499b311751124bc4bd2,spain,Supply of a computer platform for performance appraisal management and consultancy for its integration into the horizontal professional career system project of the City Council of Elche and its autonomous body VisitElche,OPEN,True,https://contrataciondelestado.es/wps/poc?idEvl=4x%2BYQFVFRPzs%2BnLj3vAg5A%3D%3D&uri=deeplink%3Adetalle_licitacion,
changed_published_labels,sig_4a62e5a8dc1dbbb5494d,ted,Systems administration and development support services for Informática del Ayuntamiento de Madrid (3 lots),OPEN,True,https://ted.europa.eu/en/notice/-/detail/597200-2026,
changed_published_labels,sig_5c3cf642d8cb05740ff4,spain,Procurement of supply of licences for use of HR platform and payroll and recruitment management,OPEN,True,https://contrataciondelestado.es/wps/poc?idEvl=Jvz0nVMbEU7N3k3tjedSGw%3D%3D&uri=deeplink%3Adetalle_licitacion,
changed_published_labels,sig_6457fa8cd74b396fa7fe,ted,IT support and information security services for the server infrastructure and workstation of the Department of Tax Information Technology of Agencia Estatal de Administración Tributaria.,FUTURE,True,https://ted.europa.eu/en/notice/-/detail/85681-2026,
changed_published_labels,sig_69542f49b06f255f7b04,ted,"Procurement of user support services, LAN communications administration, and computer security administration, destined for the Subdirectorate-General for Information and Communications Technologies of the Ministry of Agriculture, Fisheries and Food.",FUTURE,True,https://ted.europa.eu/en/notice/-/detail/47202-2026,
changed_published_labels,sig_6b2b3fb41fc518216798,ted,Technical assistance service for the operation and administration of IT services for the IT Management Department of the Dirección General de Tráfico,FUTURE,True,https://ted.europa.eu/en/notice/-/detail/785398-2025,
changed_published_labels,sig_6bfa5d496c0b0c266848,spain,"Procurement of cybersecurity and SOC services for the National Innovation Company, S.M.E., S.A.",OPEN,True,https://contrataciondelestado.es/wps/poc?idEvl=xUNZ%2BpKYdSrVGIpKDxgsAQ%3D%3D&uri=deeplink%3Adetalle_licitacion,
changed_published_labels,sig_777b7e72bf45a11e27f0,ted,"Technical support, advisory and consultancy service for the Digital Transformation Office of the Gerencia de Informática de la Seguridad Social.",FUTURE,True,https://ted.europa.eu/en/notice/-/detail/733025-2025,
changed_published_labels,sig_77e8e6ffbf228cf08e09,ted,Supply of a computer application for the management of social services of the City Council of Palma,OPEN,True,https://ted.europa.eu/en/notice/-/detail/639400-2026,
changed_published_labels,sig_78bfbbbd07bb67e8bd58,ted,Support and managed administration services for the information systems of the various IT sections belonging to the Judicial Documentation Centre of the Consejo General del Poder Judicial.,FUTURE,True,https://ted.europa.eu/en/notice/-/detail/857305-2025,
changed_published_labels,sig_8759350b7abbf5ded07f,ted,"Technical assistance services for the administration and improvement of the management of systems, services and applications managed by AEAD 4905",FUTURE,True,https://ted.europa.eu/en/notice/-/detail/854560-2025,
changed_published_labels,sig_a22d8b9bc5285c46f394,ted,"Procurement of an evolutionary, corrective and adaptive maintenance service for the information systems of the IT Management of the Dirección General de Tráfico.",FUTURE,True,https://ted.europa.eu/en/notice/-/detail/772957-2025,
changed_published_labels,sig_a3c8a295b71eff91ba56,spain,"Supply, installation, commissioning, maintenance and operation of an end-to-end solution for the creation and operation of the Artificial Intelligence Hub of the Autonomous City of Ceuta, named Ceuta iHub, conceived as an on-premise environment aimed at promoting the practical, responsible and useful adoption of Artificial Intelligence in the territory.",OPEN,True,https://contrataciondelestado.es/wps/poc?idEvl=w7pm9wArMXw4NavIWzMcHA%3D%3D&uri=deeplink%3Adetalle_licitacion,
changed_published_labels,sig_abc8129b546a4aebc75e,spain,Provision of the comprehensive management system service for physical and digital material of the Library of the Courts of Valencia.,OPEN,True,https://contrataciondelestado.es/wps/poc?idEvl=a2z%2Fjk37wf8zjChw4z%2FXvw%3D%3D&uri=deeplink%3Adetalle_licitacion,
changed_published_labels,sig_af0cdfd8e455235174b1,ted,"Multi-channel service, quality and systems services of the taxpayer IT service centre of Agencia Estatal de Administración Tributaria",FUTURE,True,https://ted.europa.eu/en/notice/-/detail/85564-2026,
changed_published_labels,sig_b4a3f7624591e8f82ffa,ted,"Open procedure for the entrustment of the integrated service for the collection, archiving, storage and computerised management of paper-based medical and administrative documentation of the “Istituto G. Giglio di Cefalù” Foundation, including on-demand digitisation, handling and delivery of originals, management of document disposal and IT platform",OPEN,True,https://ted.europa.eu/en/notice/-/detail/609378-2026,
changed_published_labels,sig_bd55c71a618bb007f99d,ted,"Maintenance service for the SAP R3 computer application and utilities (ISU-CCS) defined in the integrated management system of municipal enterprises of the City Council of Gijón, by open procedure, subject to harmonised regulation",FUTURE,True,https://ted.europa.eu/en/notice/-/detail/132412-2026,
changed_published_labels,sig_c184b5f774f5167507ae,ted,"Mixed contract for support and maintenance services, and the supply of a computer application for the management of Municipal Schools of Music and Dance.",FUTURE,True,https://ted.europa.eu/en/notice/-/detail/688394-2025,
changed_published_labels,sig_c2f50eb4480bbf551935,ted,"NOTICE OF MARKET CONSULTATION, pursuant to Article 77 of Legislative Decree 36/2023, for the verification of non-fungibility/exclusivity of the Application Management Services (AMS) service.",FUTURE,True,https://ted.europa.eu/en/notice/-/detail/753637-2025,
changed_published_labels,sig_c89ed5d1b1f920faea9c,ted,Supply of the right to use software applications intended for analysing the case mix of the Minimum Basic Data Set (MBDS) of the Region of Murcia.,FUTURE,True,https://ted.europa.eu/en/notice/-/detail/631995-2025,
changed_published_labels,sig_cc2be60787430fc6f8fa,ted,"Supply of Material Necessary for Carrying out Automated Haemostasis Analytical Techniques for the Haematology Laboratory of the Miguel Servet University Hospital of Zaragoza, as well as Leasing of the Necessary Equipment, Maintenance and its IT Connection to the Laboratory Information System.",OPEN,True,https://ted.europa.eu/en/notice/-/detail/628584-2026,
changed_published_labels,sig_cda7f63d98b39b8e5079,ted,IT security services,FUTURE,True,https://ted.europa.eu/en/notice/-/detail/860426-2025,
changed_published_labels,sig_ced22469acb787247ac8,spain,Systems administration and development support services for Informática del Ayuntamiento de Madrid (3 lots),OPEN,True,https://contrataciondelestado.es/wps/poc?idEvl=uLhQsk4GxCOFlFRHfEzEaw%3D%3D&uri=deeplink%3Adetalle_licitacion,
changed_published_labels,sig_d44330ea0da6686aa929,ted,"European call for tenders by lots for the acquisition, via a Framework Agreement, of specialised IT services for the evolution of the entities' information system, in line with the strategic objectives and the guidelines for innovation and digital transformation of the three-year plan for IT in public administration.",OPEN,True,https://ted.europa.eu/en/notice/-/detail/627083-2026,
changed_published_labels,sig_da2b4b72c892d09e87ed,ted,Data analytics services of the Data Office of the IT Management of the Dirección General de Tráfico (3 Lots),FUTURE,True,https://ted.europa.eu/en/notice/-/detail/802164-2025,
changed_published_labels,sig_e46c7222e2bce53ce0f7,spain,Procurement of the update and maintenance service for the website and social media services of the House of Arts. Digital communication,OPEN,True,https://contrataciondelestado.es/wps/poc?idEvl=e47uwD%2B6N6vpxJFXpLZ%2B2A%3D%3D&uri=deeplink%3Adetalle_licitacion,
changed_published_labels,sig_e709c1e047187808913f,ted,Renewal of the IT security platform or firewalls,FUTURE,True,https://ted.europa.eu/en/notice/-/detail/182946-2026,
changed_published_labels,sig_ea5300e57b5ffe3bf39f,ted,"User Support Services, operation and support of IT systems of the ICO Group",FUTURE,True,https://ted.europa.eu/en/notice/-/detail/141947-2026,
changed_published_labels,sig_f2ff53eecb5cc7d6a3e2,ted,ESRI Enterprise Agreement and software maintenance ArcGIS for RAG Aktiengesellschaft,OPEN,True,https://ted.europa.eu/en/notice/-/detail/593511-2026,
changed_published_labels,sig_f4d894a8f01099c5431c,ted,OPEN PROCEDURE FOR THE CONCLUSION OF A FRAMEWORK AGREEMENT DIVIDED INTO TWO LOTS FOR THE AWARD OF MULTI-YEAR WORKS AND SERVICES CONTRACTS FOR THE MANAGEMENT AND MAINTENANCE OF MUNICIPAL ASSETS. Lot 1: CIG BC9,OPEN,True,https://ted.europa.eu/en/notice/-/detail/630379-2026,
changed_published_labels,sig_f6a18333372ea9712cd4,ted,Consultancy services for the quality assurance of applications and IT developments managed by the Sub-directorate General for Informatics for Education and Innovation,FUTURE,True,https://ted.europa.eu/en/notice/-/detail/103436-2026,
changed_published_labels,sig_f9734a6e668c59b6062d,ted,"Supply through leasing without purchase option of sound and IT equipment for the delegation of economy, local development, commerce and employment, by lots.",OPEN,True,https://ted.europa.eu/en/notice/-/detail/614547-2026,
